Actual_NH3_AQI,Predicted_NH3_AQI,Actual_CO_AQI,Predicted_CO_AQI,Actual_O3_AQI,Predicted_O3_AQI,Actual_CH4_AQI,Predicted_CH4_AQI,Actual_Overall_AQI,Predicted_Overall_AQI,Actual_AQI_Category,Predicted_AQI_Category
113.1200608,121.22416966735793,115.21249,125.48024255749354,119.7185481,126.29382675590573,140.3464459,126.5394492962194,124.5084005,121.61016030302866,Unhealthy for Sensitive Groups,Unhealthy for Sensitive Groups
446.7870507,412.5704988216518,432.5504498,416.08370676734313,483.020661,396.0127966024619,399.8696082,421.4647494756218,411.684891,414.3057361934581,Hazardous,Hazardous
429.1727874,404.101854763039,488.3205388,413.5277285929684,442.701065,400.75784684895046,318.553454,395.02917828600505,377.5395175,409.6916806504974,Hazardous,Hazardous
144.1142635,121.22416966735793,140.6337598,127.30411816189913,121.0354833,126.29382675590573,111.3606074,126.21929381266051,134.1337995,127.52555569372903,Unhealthy for Sensitive Groups,Unhealthy for Sensitive Groups
0.35,7.55480240139975,1.022727273,1.8830516084822762,9.259259259,10.109517918138158,7.0,7.804754490401499,9.259259259,10.202097022461992,Good,Good
218.9138683,253.85158157123809,225.2496279,249.0947676955956,243.3942471,240.7202890979289,225.3247276,250.95543080948184,227.1767978,261.2309662601876,Very Unhealthy,Very Unhealthy
108.0624528,111.32235128277622,108.3797008,124.6252296947711,137.7681779,126.29382675590573,120.4773218,128.58324607522604,102.9699035,125.69299161096149,Unhealthy for Sensitive Groups,Unhealthy for Sensitive Groups
110.0552132,121.22416966735793,116.8919507,124.6252296947711,128.8705626,126.29382675590573,115.7104138,128.58324607522604,137.8222639,132.82148438728498,Unhealthy for Sensitive Groups,Unhealthy for Sensitive Groups
335.5534751,405.92005746993726,315.3411026,397.6702660848359,424.1770557,408.70936211330877,352.1543868,395.02917828600505,410.0973717,418.4302315789717,Hazardous,Hazardous
175.6868366,154.8300930904706,165.9613403,177.06737524994185,183.5959959,175.93047722066765,151.0230026,176.078774114886,178.8064967,178.18238635490516,Unhealthy,Unhealthy
162.1552087,149.6789161503354,163.2278781,176.5048671318835,184.8847853,175.93047722066765,183.2005215,176.078774114886,187.2130104,177.14794551850912,Unhealthy,Unhealthy
498.0578049,414.12434602836714,445.1552492,442.29244471907356,417.6581699,354.3017644872835,344.0212479,406.2319543702814,464.2079567,387.34879510448155,Hazardous,Hazardous
126.1098391,109.60005918971248,123.6048134,124.6252296947711,139.2295729,126.29382675590573,114.219194,126.5394492962194,139.4791382,123.15163546086283,Unhealthy for Sensitive Groups,Unhealthy for Sensitive Groups
0.55,106.9611152974645,1.136363636,1.8830516084822762,9.259259259,10.109517918138158,8.0,8.505068310469731,9.259259259,10.202097022462056,Good,Good
56.06632579,70.18816812751665,95.17137789,76.20811148162701,96.65118351,75.06966520180552,64.22418043,77.80532324995549,77.67670482,76.10164504360115,Moderate,Moderate
320.6247976,404.101854763039,359.4712456,397.6702660848359,488.6905067,403.8969641289619,308.2739969,432.80554775693116,479.5689991,415.78867000660495,Hazardous,Hazardous
0.25,14.18534825603602,0.681818182,1.8830516084822762,0.0,8.350258658928158,4.0,7.57646603484,4.0,7.359751799977236,Good,Good
486.1758933,381.78074996733477,306.0422945,406.30491387020953,354.0722228,399.88040310276944,474.3991938,372.71112026324806,460.6297644,339.8998400148438,Hazardous,Hazardous
0.45,6.494117080924968,1.136363636,1.8830516084822762,9.259259259,10.109517918138158,7.0,7.804754490401499,9.259259259,10.20209702246205,Good,Good
218.4051633,249.88037575644364,221.9022041,252.62136532994438,276.3206403,239.58493026308886,285.8167045,251.37805133705518,228.7077729,280.0304806446243,Very Unhealthy,Very Unhealthy
0.45,6.494117080924968,1.136363636,1.8830516084822762,9.259259259,10.109517918138158,8.0,8.505068310469731,9.259259259,10.202097022462034,Good,Good
255.4810171,247.2424546813627,235.8481237,249.0153716289621,204.6005286,244.32500601849313,248.6211646,251.37805133705518,242.8838596,258.7324544521042,Very Unhealthy,Very Unhealthy
296.5810161,249.88037575644364,265.4755444,246.43813202287618,219.5047797,245.13690721571638,286.3110907,252.1167272156471,220.0709752,234.10195194405324,Very Unhealthy,Very Unhealthy
119.7066465,109.60005918971248,122.2183936,127.77483176829345,134.1427198,126.29382675590573,130.8849489,128.58324607522604,105.0406123,118.77189733900879,Unhealthy for Sensitive Groups,Unhealthy for Sensitive Groups
308.4330018,439.8614071007677,329.1603063,406.30491387020953,363.8558388,400.40492921913597,330.7273449,361.7098521790799,304.022,475.99678624388116,Hazardous,Hazardous
52.8283438,68.13321157313035,98.80212814,75.73576458534743,80.50074058,76.71475343905169,74.84110278,77.80532324995549,94.51506401,74.0592744597297,Moderate,Moderate
455.4680886,406.96664779492164,418.4569292,365.68988583884015,346.3478109,414.0887082848934,498.1094996,405.8284744572348,316.4076406,397.7798315511327,Hazardous,Hazardous
349.634195,444.14280167485447,330.2894603,401.9674534451352,349.6864911,413.93960813118485,456.9416728,386.23151569013356,383.0280418,421.47800409095754,Hazardous,Hazardous
99.60080011,70.34353606972348,76.00165375,76.20811148162701,93.19424409,74.55567793230169,96.50546075,77.3147899427043,62.74724698,68.64558678887548,Moderate,Moderate
158.2186254,148.0674064547019,191.1334032,178.2219584616932,193.4018068,178.61278928197098,192.6736635,175.23306104473716,194.5865157,189.50704574326286,Unhealthy,Unhealthy
95.96654341,68.05878671043105,85.03774951,77.96399245928124,83.67303933,77.59023377151793,97.7812942,78.35164113739451,64.01627629,75.18697834441792,Moderate,Moderate
69.16919797,68.05878671043105,82.7408841,76.20811148162701,93.87022634,77.59023377151793,79.00444618,78.35164113739451,76.48962112,77.2988576862374,Moderate,Moderate
118.2480533,121.22416966735793,147.4379771,124.6252296947711,108.8387124,126.29382675590573,126.988976,126.5394492962194,109.7986024,141.73422593990648,Unhealthy for Sensitive Groups,Unhealthy for Sensitive Groups
85.17479007,68.13321157313035,63.36272286,75.73576458534743,57.68884362,74.95818403208378,98.19014989,78.35164113739451,53.90654734,75.99518152227729,Moderate,Moderate
329.7294933,387.7802031847478,350.0541049,407.77854517412334,351.3903348,395.6649698692993,431.4014129,454.0369893157902,324.6491893,384.99959757815105,Hazardous,Hazardous
168.7543515,170.33384655914452,161.5641649,175.18813301971667,180.4635749,175.93047722066765,188.861475,176.078774114886,180.6244326,179.67950590819893,Unhealthy,Unhealthy
56.89792255,72.38088560169014,75.86685575,75.73576458534743,89.39608063,73.18707057603413,83.90029684,76.46575167347153,84.33739763,71.5946346436761,Moderate,Moderate
0.4,5.922605053529318,0.909090909,1.8830516084822762,9.259259259,10.109517918138158,6.0,7.57646603484,9.259259259,10.202097022462015,Good,Good
252.4843995,247.2424546813627,270.5521824,249.68655036490551,295.6374001,248.36277322898022,245.5665058,245.22472223901826,299.6801824,238.422914634632,Very Unhealthy,Very Unhealthy
118.8759819,121.22416966735793,103.5186901,118.42723541711435,108.0710767,127.42956698026549,140.6371992,126.5394492962194,123.7085407,140.41626317464798,Unhealthy for Sensitive Groups,Unhealthy for Sensitive Groups
242.0155292,247.2424546813627,275.9678902,247.68621415719574,233.5723982,243.2967979786598,294.1663069,245.22472223901826,231.9225067,267.87573461406714,Very Unhealthy,Very Unhealthy
413.7815812,387.7802031847478,311.6494334,428.67231415693794,390.6234653,434.2300303102701,379.8734451,390.9283503527346,490.5965903,360.6109742163589,Hazardous,Hazardous
218.2477744,243.90202753810505,272.5669553,248.29886533632407,209.9522247,244.61303406155778,210.7184503,252.1167272156471,292.484549,260.27066971456424,Very Unhealthy,Very Unhealthy
0.6,58.02033469293693,1.25,1.8830516084822762,9.259259259,10.109517918138158,8.0,8.505068310469731,9.259259259,10.202097022462048,Good,Good
0.65,52.695906545539685,1.25,1.8830516084822762,9.259259259,10.109517918138158,8.0,8.505068310469731,9.259259259,10.202097022462048,Good,Good
127.564972,106.9611152974645,118.9139446,126.70052602328171,121.3910734,126.29382675590573,138.8739084,126.5394492962194,138.0757333,127.7089560435411,Unhealthy for Sensitive Groups,Unhealthy for Sensitive Groups
0.4,5.922605053529318,1.136363636,1.8830516084822762,9.259259259,10.109517918138158,7.0,7.804754490401499,9.259259259,10.202097022462011,Good,Good
383.6929942,406.96664779492164,337.6777692,363.5225686163966,318.6303709,355.79281686724124,325.6132726,347.99389429302096,437.8790228,370.5421469996963,Hazardous,Hazardous
136.5253668,121.22416966735793,148.6552361,126.81121851263737,149.837657,127.42956698026549,114.820326,126.5394492962194,113.1806821,126.22086012066292,Unhealthy for Sensitive Groups,Unhealthy for Sensitive Groups
275.0633697,249.30775431092857,284.1728269,247.68621415719574,265.326314,244.45528032421961,286.5580217,252.1167272156471,265.8336228,247.6624172284848,Very Unhealthy,Very Unhealthy
0.35,7.55480240139975,0.909090909,1.8830516084822762,9.259259259,10.109517918138158,6.0,7.57646603484,9.259259259,10.202097022462004,Good,Good
449.7823427,410.062867136888,392.5416264,403.66799335807195,410.8329517,405.4487311037829,306.4379312,395.02917828600505,428.4849644,400.3017809812379,Hazardous,Hazardous
328.6459618,406.6958264235587,407.4003559,444.2339707334509,460.4174452,399.88040310276944,400.3776674,421.4647494756218,365.0201454,347.1858469216642,Hazardous,Hazardous
160.2309839,170.33384655914452,181.2070904,178.2219584616932,186.9544017,175.93047722066765,171.5768191,175.3154925971713,169.0488891,162.22768094511977,Unhealthy,Unhealthy
0.45,6.494117080924968,0.909090909,1.8830516084822762,9.259259259,10.109517918138158,6.0,7.57646603484,9.259259259,10.20209702246204,Good,Good
1.1,146.27650194446494,1.590909091,2.0040894114362695,9.259259259,10.109517918138158,11.0,11.469386723857616,11.0,11.89442282158873,Good,Good
206.6395022,249.88037575644364,224.4278041,250.3868147897731,224.9298322,240.66935896354917,230.5757016,252.1167272156471,225.7628686,247.7303994401036,Very Unhealthy,Very Unhealthy
58.22706919,7.55480240139975,69.05620799,74.55365079507982,82.74225574,75.06966520180552,94.27394899,75.71759554346438,63.54136169,77.36205090245655,Moderate,Moderate
111.0546465,111.32235128277622,139.4851841,124.6252296947711,112.2409947,125.9533673132624,109.9654983,126.5394492962194,108.6086587,120.551540745842,Unhealthy for Sensitive Groups,Unhealthy for Sensitive Groups
181.6541312,176.76609570166514,189.1302732,176.5048671318835,158.312727,175.39341114449837,159.5760473,176.078774114886,178.8383831,177.46116552260474,Unhealthy,Unhealthy
210.4841143,249.88037575644364,208.9898325,248.29886533632407,291.1385553,248.36277322898022,238.593089,250.95543080948184,252.8131053,265.45418861134783,Very Unhealthy,Very Unhealthy
453.6489356,406.6958264235587,484.2075204,416.2020416734098,306.5584596,421.1404875949322,485.6178591,378.0373187658269,430.7076215,411.9165655847442,Hazardous,Hazardous
187.8409889,172.29510383484669,176.0365258,175.95991940870283,176.2636472,175.93047722066765,161.4429146,176.078774114886,155.8576151,173.64539989431012,Unhealthy,Unhealthy
121.774702,106.9611152974645,123.8078036,125.48024255749354,103.0041671,126.29382675590573,131.2931047,126.5394492962194,127.4004211,119.10508651193933,Unhealthy for Sensitive Groups,Unhealthy for Sensitive Groups
142.5261108,111.32235128277622,147.2187497,124.6252296947711,136.4835157,126.29382675590573,142.8485348,122.63127459994914,123.8294398,122.97580324730858,Unhealthy for Sensitive Groups,Unhealthy for Sensitive Groups
53.14662961,71.79839876109452,95.89861433,76.07631825806872,88.56883047,75.06966520180552,59.03559136,79.04820552436838,59.41019687,81.24025369612059,Moderate,Moderate
175.9495187,150.08298626465472,156.3264768,175.1032527533703,197.4355103,174.44307610770008,156.0674268,176.078774114886,154.5926959,176.893242610831,Unhealthy,Unhealthy
466.2128209,383.2927576428533,469.2886319,413.5277285929684,338.3622993,393.4897970653383,414.3296186,400.7161834210242,454.3144775,423.152922504009,Hazardous,Hazardous
102.4552767,121.22416966735793,116.5857247,138.20259806983356,146.1519337,126.29382675590573,107.3679093,126.21929381266051,102.3267082,124.0309095017244,Unhealthy for Sensitive Groups,Unhealthy for Sensitive Groups
189.1043617,149.6789161503354,196.3555995,178.2219584616932,170.9588288,175.93047722066765,180.8896176,176.078774114886,158.1443944,171.17484472079508,Unhealthy,Unhealthy
0.45,6.494117080924968,1.022727273,1.8830516084822762,9.259259259,10.109517918138158,7.0,7.804754490401499,9.259259259,10.20209702246205,Good,Good
89.2010845,68.05878671043105,54.98549606,77.96399245928124,85.57585924,75.6505214431183,87.24034509,77.80532324995549,97.97913498,67.06011827409249,Moderate,Moderate
75.03398271,60.82320041901407,85.44699177,77.96399245928124,75.04799742,75.06966520180552,54.15014145,79.35060909451394,71.25816384,71.63406535198115,Moderate,Moderate
235.6906614,249.76475423146155,225.118999,251.62453485794856,223.4665206,252.0920504126229,235.7962365,250.95543080948184,201.0687802,250.38700956787343,Very Unhealthy,Very Unhealthy
89.18263272,71.23588141462848,86.91029571,76.20811148162701,73.21398077,76.71475343905169,77.19848045,74.61920917697628,74.24177947,87.18761152555174,Moderate,Moderate
291.3907928,249.88037575644364,255.1510063,246.43813202287618,205.6991666,242.1225642400496,278.5817624,252.1167272156471,224.6477238,243.26392085536907,Very Unhealthy,Very Unhealthy
114.1434949,121.22416966735793,108.3082412,125.48024255749354,132.6964297,127.8135693513727,111.1569768,126.5394492962194,146.2259556,124.78259071130852,Unhealthy for Sensitive Groups,Unhealthy for Sensitive Groups
190.3149248,149.6789161503354,180.9726671,175.1032527533703,178.2461402,172.63990696788758,166.9738329,173.04154072205358,178.9011555,181.98013559654723,Unhealthy,Unhealthy
427.7640775,406.6958264235587,499.9929003,406.3634463040936,439.4952132,344.88915394469285,301.5308761,395.02917828600505,408.7743282,371.51613366409856,Hazardous,Hazardous
193.0954663,150.08298626465472,175.1176219,177.06737524994185,180.9127574,174.44307610770008,162.4205832,176.078774114886,154.757829,170.12720329091474,Unhealthy,Unhealthy
192.8628242,172.29510383484669,192.2555155,176.5048671318835,196.7721762,175.93047722066765,184.1360339,171.05013596978083,186.4816793,179.45429823398243,Unhealthy,Unhealthy
148.1012922,121.22416966735793,135.262086,124.6252296947711,138.0235338,126.02011444489091,116.8289795,126.5394492962194,139.3115736,130.98821221029314,Unhealthy for Sensitive Groups,Unhealthy for Sensitive Groups
177.191589,172.29510383484669,193.4561134,162.17393144380907,176.5827325,175.93047722066765,157.8837806,176.078774114886,159.3647262,168.50786293305435,Unhealthy,Unhealthy
0.45,6.494117080924968,1.136363636,1.8830516084822762,9.259259259,10.109517918138158,8.0,8.505068310469731,9.259259259,10.202097022462034,Good,Good
458.2499257,430.4475492195485,428.7193848,397.6702660848359,445.0024503,393.881192917144,319.7205779,390.9283503527346,432.5316172,397.7285727306994,Hazardous,Hazardous
0.45,6.494117080924968,1.136363636,1.8830516084822762,9.259259259,10.109517918138158,7.0,7.804754490401499,9.259259259,10.20209702246205,Good,Good
0.45,6.494117080924968,1.136363636,1.8830516084822762,9.259259259,10.109517918138158,7.0,7.804754490401499,9.259259259,10.20209702246205,Good,Good
120.3628764,111.32235128277622,104.5498845,127.77483176829345,138.1549089,130.41339080361155,143.217125,125.76544609261694,126.8065199,107.59878031565026,Unhealthy for Sensitive Groups,Unhealthy for Sensitive Groups
0.65,52.695906545539685,1.25,1.8830516084822762,9.259259259,10.109517918138158,8.0,8.505068310469731,9.259259259,10.202097022462048,Good,Good
86.62019248,70.24973415399982,91.13850705,74.55365079507982,79.6598586,74.95818403208378,97.33553239,78.35164113739451,63.34087677,73.42609242988095,Moderate,Moderate
158.2691903,172.29510383484669,173.2627732,176.32406234276792,196.4426554,178.61278928197098,185.4734792,176.078774114886,175.0239186,185.00266678868343,Unhealthy,Unhealthy
161.8399522,150.08298626465472,159.9419756,178.2219584616932,179.2834019,175.93047722066765,175.1868259,176.078774114886,161.3497619,168.38430612113572,Unhealthy,Unhealthy
269.9668211,247.2424546813627,273.3346625,250.56188156055788,253.7432235,247.0632162672896,295.0757785,252.1167272156471,247.3459744,242.82951556194828,Very Unhealthy,Very Unhealthy
54.79280799,71.79839876109452,60.8805646,76.20811148162701,64.33243154,75.06966520180552,64.4246747,74.61920917697628,92.10564551,89.9356309875543,Moderate,Moderate
66.93582497,68.13321157313035,94.19825722,76.20811148162701,58.68226072,74.95818403208378,97.73941167,77.80532324995549,69.60974818,79.02396391204243,Moderate,Moderate
140.7203539,111.32235128277622,119.5887038,124.6252296947711,136.556828,126.29382675590573,123.0245656,127.52248397148591,126.5503906,126.72221274668418,Unhealthy for Sensitive Groups,Unhealthy for Sensitive Groups
152.2234366,149.6789161503354,167.6024333,178.2219584616932,197.5512533,177.35828435350615,153.6839705,176.078774114886,168.5249621,178.27347055781624,Unhealthy,Unhealthy
127.6080962,121.22416966735793,112.3994386,124.6252296947711,108.4549405,126.29382675590573,114.929409,126.21929381266051,108.9232431,129.1367958367963,Unhealthy for Sensitive Groups,Unhealthy for Sensitive Groups
81.32875044,70.34353606972348,60.62304891,77.47042907207243,68.99288238,73.18707057603413,93.55191333,77.80532324995549,80.98101123,76.13492709927533,Moderate,Moderate
428.7284761,403.23308325091256,396.7411804,399.1047035897033,421.3211374,381.351048249717,391.1092944,402.796348418664,406.992598,395.1183737695807,Hazardous,Hazardous
249.7381252,250.20034726166975,270.031819,253.14807689441596,252.7975079,251.97615665281234,245.4455534,250.95543080948184,261.2996404,283.4368708073003,Very Unhealthy,Very Unhealthy
1.0,121.22416966735793,1.590909091,2.0040894114362695,9.259259259,10.109517918138158,10.0,10.287156823011466,10.0,10.922235660533081,Good,Good
157.8359678,172.29510383484669,166.218095,176.5048671318835,185.3239516,175.39341114449837,155.0539495,175.23306104473716,179.8790104,191.2364022372526,Unhealthy,Unhealthy
1.1,146.27650194446494,1.704545455,2.0040894114362695,9.259259259,10.109517918138158,11.0,11.469386723857616,11.0,11.894422821588723,Good,Good
120.2598809,121.22416966735793,129.4101645,127.30411816189913,131.9036279,126.29382675590573,128.1421205,126.5394492962194,104.1844013,127.09506302732851,Unhealthy for Sensitive Groups,Unhealthy for Sensitive Groups
0.35,7.55480240139975,0.909090909,1.8830516084822762,9.259259259,10.109517918138158,6.0,7.57646603484,9.259259259,10.202097022462004,Good,Good
427.8840811,414.12434602836714,483.0270169,414.86999463664694,320.1943823,434.2300303102701,312.3565166,393.77818849671024,446.9347016,352.80121879258144,Hazardous,Hazardous
99.7777588,70.18816812751665,77.69154875,76.20811148162701,57.76105061,74.95818403208378,93.73725843,78.35164113739451,83.55559414,80.0996907264675,Moderate,Moderate
52.51922527,72.38088560169014,65.70246313,76.20811148162701,71.02812773,75.06966520180552,87.60224385,78.35164113739451,89.06972967,72.1443383803138,Moderate,Moderate
154.4084989,176.76609570166514,183.1747856,178.2219584616932,156.9476858,174.44307610770008,192.5405323,176.078774114886,159.6823817,168.39581713221637,Unhealthy,Unhealthy
130.123171,121.22416966735793,116.5558078,124.6252296947711,107.6090796,126.29382675590573,125.3660701,126.5394492962194,118.8351774,131.73403874136457,Unhealthy for Sensitive Groups,Unhealthy for Sensitive Groups
124.3237174,111.32235128277622,129.6096334,125.48024255749354,140.4668429,125.9533673132624,148.5213707,126.5394492962194,127.3806157,116.35750151088074,Unhealthy for Sensitive Groups,Unhealthy for Sensitive Groups
336.8585084,424.4338992514591,393.9644797,397.6702660848359,384.24554,398.82216561286504,495.9515092,429.6146768172348,466.2522075,396.73896383579176,Hazardous,Hazardous
93.1305149,60.82320041901407,55.78616665,75.73576458534743,65.72238989,77.59023377151793,87.02732141,78.35164113739451,64.88675455,78.24091911079645,Moderate,Moderate
73.32093933,71.32525800546483,88.65536378,76.20811148162701,67.95851365,75.06966520180552,87.87509811,74.61920917697628,84.27561601,80.55883962489584,Moderate,Moderate
147.346746,108.37456302632006,136.0730779,127.30411816189913,130.1119216,125.9533673132624,145.2971739,126.5394492962194,129.5244278,122.43003287467714,Unhealthy for Sensitive Groups,Unhealthy for Sensitive Groups
195.6788954,150.08298626465472,188.4523998,176.5048671318835,188.0107572,175.93047722066765,181.8031476,175.3154925971713,173.4936421,165.10247809884876,Unhealthy,Unhealthy
0.45,6.494117080924968,0.909090909,1.8830516084822762,9.259259259,10.109517918138158,6.0,7.57646603484,9.259259259,10.20209702246204,Good,Good
120.8246312,121.22416966735793,105.4986061,125.48024255749354,142.0319058,126.29382675590573,124.221697,126.21929381266051,110.231544,120.98107865274537,Unhealthy for Sensitive Groups,Unhealthy for Sensitive Groups
176.8207263,176.76609570166514,195.7721652,176.95345991316483,196.7113193,174.45750687635586,183.8299517,176.078774114886,189.1179806,180.66919708088912,Unhealthy,Unhealthy
176.601704,176.76609570166514,165.0256124,176.95345991316483,163.382032,175.93047722066765,185.1249607,176.078774114886,198.1060008,182.93899464765116,Unhealthy,Unhealthy
0.2,14.18534825603602,0.568181818,1.8830516084822762,0.0,8.350258658928158,4.0,7.57646603484,4.0,7.359751799977236,Good,Good
0.65,52.695906545539685,1.25,1.8830516084822762,9.259259259,10.109517918138158,8.0,8.505068310469731,9.259259259,10.202097022462048,Good,Good
112.9314617,121.22416966735793,108.6766848,127.30411816189913,113.905136,126.29382675590573,123.1468566,126.5394492962194,140.4271172,127.55946594356358,Unhealthy for Sensitive Groups,Unhealthy for Sensitive Groups
135.6106166,121.22416966735793,146.4061223,126.70052602328171,104.0512523,127.42956698026549,128.425928,126.5394492962194,108.165654,129.80987280830766,Unhealthy for Sensitive Groups,Unhealthy for Sensitive Groups
163.2736665,150.08298626465472,158.8005878,176.95345991316483,183.2145663,174.44307610770008,164.3202862,176.078774114886,178.9790743,174.91377512936492,Unhealthy,Unhealthy
126.1201582,111.32235128277622,132.247446,124.6252296947711,139.3891577,126.29382675590573,118.9653423,126.21929381266051,129.3730242,121.84687883025843,Unhealthy for Sensitive Groups,Unhealthy for Sensitive Groups
418.3750146,381.78074996733477,308.7718255,406.3922273413558,491.205144,378.40282701621226,392.8153846,447.82499103584314,414.7532816,355.7026057650414,Hazardous,Hazardous
92.24295143,70.18816812751665,96.45259634,73.70021715061131,64.76999632,75.06966520180552,78.99958323,77.80532324995549,62.35194761,85.31148369139471,Moderate,Moderate
0.45,6.494117080924968,1.136363636,1.8830516084822762,9.259259259,10.109517918138158,7.0,7.804754490401499,9.259259259,10.20209702246205,Good,Good
317.0176093,393.23612913064676,451.4500422,399.23921186984586,324.1947603,409.83880785173284,452.1534726,371.85871776937586,336.2422711,393.2064522730974,Hazardous,Hazardous
0.45,6.494117080924968,1.022727273,1.8830516084822762,9.259259259,10.109517918138158,7.0,7.804754490401499,9.259259259,10.20209702246205,Good,Good
185.201564,141.97834805537474,156.4263969,177.06737524994185,179.1653269,178.61278928197098,191.4721685,176.078774114886,192.9974485,169.5254666721967,Unhealthy,Unhealthy
459.9286219,381.78074996733477,345.4598565,403.66799335807195,321.9643651,408.70936211330877,468.086821,414.9110466166487,330.3710117,472.168291642052,Hazardous,Hazardous
381.8304652,415.4361331431062,379.5054173,374.95626571790325,474.9648121,356.8290890675643,419.3039665,387.6822028017346,462.0226548,404.64695862351374,Hazardous,Hazardous
329.5556837,439.8614071007677,460.7819294,397.6702660848359,367.1506112,409.83880785173284,322.3284837,387.6822028017346,326.5133019,375.4104543247888,Hazardous,Hazardous
71.83191089,68.43347124848101,65.15086631,76.20811148162701,96.33516626,74.95818403208378,68.54656732,78.35164113739451,75.14035181,75.37246896893716,Moderate,Moderate
479.4840178,383.2927576428533,464.0798551,364.4246320449262,341.9268971,399.88040310276944,382.5454183,408.8221270410242,369.7919354,380.1918902942841,Hazardous,Hazardous
157.1043246,176.76609570166514,158.7589095,176.5048671318835,160.6064587,175.39341114449837,154.3087322,175.3154925971713,169.4940837,165.89084178319965,Unhealthy,Unhealthy
165.7817101,141.97834805537474,191.5308,173.46031244971667,165.0289104,175.93047722066765,187.5059414,176.078774114886,194.8000547,171.2076421202856,Unhealthy,Unhealthy
198.5211662,172.29510383484669,189.1068065,176.32406234276792,152.9276593,175.93047722066765,186.2022503,176.078774114886,162.4755033,186.12868048458165,Unhealthy,Unhealthy
70.72917053,68.05878671043105,96.41543289,76.20811148162701,60.79587292,75.06966520180552,98.17419947,78.35164113739451,54.77071958,83.05043190262694,Moderate,Moderate
140.4698829,121.22416966735793,128.2057158,127.30411816189913,118.6112894,126.29382675590573,106.8426284,126.21929381266051,106.464657,122.5836682383635,Unhealthy for Sensitive Groups,Unhealthy for Sensitive Groups
74.8785163,68.05878671043105,88.6366792,77.96399245928124,91.40745678,73.18707057603413,73.19432387,76.46575167347153,69.70161302,74.24514620277998,Moderate,Moderate
142.9715697,121.22416966735793,130.8701424,120.07806072411434,123.4986987,125.9533673132624,108.5290293,126.5394492962194,125.4315551,129.2928806644297,Unhealthy for Sensitive Groups,Unhealthy for Sensitive Groups
0.4,5.922605053529318,0.795454545,1.8830516084822762,9.259259259,10.109517918138158,6.0,7.57646603484,9.259259259,10.202097022462015,Good,Good
66.56566038,72.38088560169014,97.46023414,76.20811148162701,92.86195579,75.6505214431183,84.70077481,71.04133513290468,95.09033969,66.1963560519731,Moderate,Moderate
123.2021908,109.60005918971248,138.8073493,130.10595540059427,119.1709815,126.29382675590573,129.7572471,127.52248397148591,116.5811966,106.300406581413,Unhealthy for Sensitive Groups,Unhealthy for Sensitive Groups
167.0856115,149.6789161503354,175.2747508,186.1557695174943,198.4722687,175.39341114449837,168.0927875,176.078774114886,185.6052669,170.67457085218203,Unhealthy,Unhealthy
75.12642242,76.51335433384126,54.09642086,77.96399245928124,69.58505293,75.06966520180552,75.79426715,77.80532324995549,97.87351645,71.34597815570012,Moderate,Moderate
278.594539,249.88037575644364,282.0799552,249.68655036490551,297.8453025,254.96965142882874,207.6806159,252.2590486271552,219.5134105,265.2966830125482,Very Unhealthy,Very Unhealthy
107.5518723,109.60005918971248,126.5934559,125.48024255749354,106.6402016,126.29382675590573,104.5646633,126.5394492962194,108.1371238,128.28364632295774,Unhealthy for Sensitive Groups,Unhealthy for Sensitive Groups
0.45,6.494117080924968,0.909090909,1.8830516084822762,9.259259259,10.109517918138158,6.0,7.57646603484,9.259259259,10.20209702246204,Good,Good
62.50038115,68.05878671043105,51.22791118,76.20811148162701,59.78841246,75.06966520180552,92.92724975,72.04288832580133,86.37195116,75.3733759460538,Moderate,Moderate
141.6759858,106.9611152974645,107.1191176,125.48024255749354,136.9314074,126.29382675590573,147.8143272,126.5394492962194,145.4804222,137.42650055551127,Unhealthy for Sensitive Groups,Unhealthy for Sensitive Groups
274.6943668,249.30775431092857,203.7922368,250.56188156055788,271.4772428,263.3662776793864,248.7878406,252.20565006796863,213.331703,244.59171610702296,Very Unhealthy,Very Unhealthy
152.3809164,141.97834805537474,164.515887,175.95991940870283,175.657679,178.61278928197098,176.6172415,175.23306104473716,188.6208293,174.05765527907744,Unhealthy,Unhealthy
346.0680668,381.78074996733477,317.5656089,396.15354717580317,452.4211079,403.26408210060015,388.6837375,390.40995157004687,437.3197524,457.26389443870437,Hazardous,Hazardous
0.4,5.922605053529318,0.909090909,1.8830516084822762,9.259259259,10.109517918138158,6.0,7.57646603484,9.259259259,10.202097022462015,Good,Good
0.4,5.922605053529318,1.022727273,1.8830516084822762,9.259259259,10.109517918138158,7.0,7.804754490401499,9.259259259,10.202097022462018,Good,Good
271.3760095,247.2424546813627,292.1880162,249.0947676955956,271.261803,245.6667638887755,259.250684,245.22472223901826,287.2432752,237.7033095643876,Very Unhealthy,Very Unhealthy
169.7623313,176.76609570166514,163.2244427,175.1032527533703,165.3380592,175.93047722066765,183.5771369,175.3154925971713,162.4725954,175.5633311575819,Unhealthy,Unhealthy
73.35258359,71.23588141462848,92.94514066,76.30032608481528,87.56421601,75.06966520180552,66.05190693,78.35164113739451,71.82071399,79.59724792826647,Moderate,Moderate
131.4008707,121.22416966735793,124.3590759,124.6252296947711,127.0086327,126.29382675590573,101.293201,126.5394492962194,136.6454762,118.6592746785436,Unhealthy for Sensitive Groups,Unhealthy for Sensitive Groups
66.71680171,68.05878671043105,99.03773935,76.20811148162701,63.41822087,72.95656184030783,78.25545204,72.85584572318787,88.61355152,73.46857781527531,Moderate,Moderate
141.2884476,121.22416966735793,110.3471725,124.6252296947711,120.2355453,126.29382675590573,131.1418274,126.5394492962194,118.6448974,120.17617574560991,Unhealthy for Sensitive Groups,Unhealthy for Sensitive Groups
107.7302873,106.9611152974645,133.289976,125.48024255749354,124.7045575,126.02011444489091,102.0333088,126.5394492962194,109.2380855,121.55329298534339,Unhealthy for Sensitive Groups,Unhealthy for Sensitive Groups
250.1964961,249.76475423146155,287.7077427,249.0947676955956,282.0406455,240.7202890979289,229.9814905,245.4601082435632,248.0565126,224.2680093752889,Very Unhealthy,Very Unhealthy
80.86794566,60.82320041901407,92.98814173,76.20811148162701,92.39140771,75.06966520180552,76.06435629,76.46575167347153,86.87599189,73.38897650071755,Moderate,Moderate
228.2137866,258.86997956910506,223.3555497,248.29886533632407,252.4642956,250.72504880915412,242.2009394,245.22472223901826,203.3725815,252.71542505180216,Very Unhealthy,Very Unhealthy
149.0150025,106.9611152974645,119.1772408,127.30411816189913,131.5072594,126.29382675590573,110.7149239,126.5394492962194,111.7681849,123.05526705556075,Unhealthy for Sensitive Groups,Unhealthy for Sensitive Groups
414.371693,403.9493445137781,464.5441738,419.2194971057311,422.4558552,403.2743760078515,453.5986514,386.23151569013356,388.9490731,389.55736774491186,Hazardous,Hazardous
193.5342787,150.08298626465472,155.8244122,175.95991940870283,194.9817949,175.93047722066765,171.4048221,176.078774114886,199.9434317,176.74669929738255,Unhealthy,Unhealthy
185.4398676,149.6789161503354,193.1098491,176.95345991316483,196.4251792,175.93047722066765,154.4365827,175.23306104473716,166.3661295,184.3691799741095,Unhealthy,Unhealthy
0.45,6.494117080924968,0.909090909,1.8830516084822762,9.259259259,10.109517918138158,6.0,7.57646603484,9.259259259,10.20209702246204,Good,Good
415.186682,397.3288350518083,452.6503243,421.4907459797387,461.903564,395.6649698692993,436.4871492,409.52196124181825,344.2326628,394.48918104391095,Hazardous,Hazardous
396.2292061,403.9493445137781,392.6296839,421.80988325929064,341.5488524,359.65001082737774,467.178323,399.0818713887236,351.6405253,418.2124514961764,Hazardous,Hazardous
158.9488796,172.29510383484669,199.576837,175.95991940870283,181.8368616,165.911575745907,157.0963997,176.078774114886,158.0641357,173.8185797882962,Unhealthy,Unhealthy
0.45,6.494117080924968,1.136363636,1.8830516084822762,9.259259259,10.109517918138158,8.0,8.505068310469731,9.259259259,10.202097022462034,Good,Good
252.7492386,249.30775431092857,205.458365,244.8417250871961,277.9179883,251.45614249453467,257.1473362,245.22472223901826,202.2317825,243.61618285362496,Very Unhealthy,Very Unhealthy
0.6,58.02033469293693,1.136363636,1.8830516084822762,9.259259259,10.109517918138158,8.0,8.505068310469731,9.259259259,10.202097022462056,Good,Good
203.1240224,250.20034726166975,290.7737984,246.43813202287618,235.323143,243.2967979786598,286.5950569,251.84331429584049,297.1417188,272.76104580250524,Very Unhealthy,Very Unhealthy
126.4157808,106.9611152974645,147.5892439,124.6252296947711,108.737528,125.9533673132624,136.3071161,126.5394492962194,145.6214496,127.0685961636429,Unhealthy for Sensitive Groups,Unhealthy for Sensitive Groups
125.2159367,109.36965571592621,144.8529961,125.48024255749354,108.0696555,126.29382675590573,117.349354,126.5394492962194,117.2162277,122.2747776792539,Unhealthy for Sensitive Groups,Unhealthy for Sensitive Groups
131.3468758,108.37456302632006,149.4488777,127.30411816189913,106.9611474,123.06351440406813,119.8964279,126.21929381266051,143.0276835,127.42128841417173,Unhealthy for Sensitive Groups,Unhealthy for Sensitive Groups
345.9500959,394.08553451049664,468.8312908,409.4494897378183,493.9510714,341.53018724082665,422.4118787,379.211042083051,437.7796462,470.29190070349364,Hazardous,Hazardous
218.357593,267.32167690869863,296.4087654,250.56188156055788,220.1975452,242.26459197517391,249.5164796,252.1167272156471,288.7378583,231.27954400533565,Very Unhealthy,Very Unhealthy
197.899576,176.76609570166514,154.550395,175.95991940870283,165.563037,175.93047722066765,191.8661779,176.078774114886,173.675158,175.45099098366572,Unhealthy,Unhealthy
51.40297343,60.82320041901407,80.2649063,77.96399245928124,92.98653176,75.06966520180552,75.32883719,77.80532324995549,80.40017134,67.41541711953221,Moderate,Moderate
172.7796768,150.08298626465472,190.3103998,176.8797367708247,181.8028022,175.93047722066765,195.3333339,176.078774114886,186.3264355,177.92651502380224,Unhealthy,Unhealthy
193.143709,172.29510383484669,197.3536138,178.2219584616932,185.7660331,175.93047722066765,171.4213704,176.078774114886,175.9749254,186.12347813992199,Unhealthy,Unhealthy
84.97734878,70.24973415399982,71.75662113,75.82931393813233,70.74877608,73.18707057603413,62.12716333,78.35164113739451,78.29704609,73.39110797084075,Moderate,Moderate
127.5338842,109.60005918971248,149.8833321,127.30411816189913,122.2575686,126.29382675590573,113.2663496,126.21929381266051,106.5050445,114.94190210480464,Unhealthy for Sensitive Groups,Unhealthy for Sensitive Groups
214.7855408,247.2424546813627,281.0148698,250.56188156055788,233.6016239,250.75161966241728,215.0688856,252.1167272156471,259.0900288,242.80111762932117,Very Unhealthy,Very Unhealthy
134.420434,121.22416966735793,123.2292658,124.6252296947711,148.1297494,126.02011444489091,117.2438182,126.5394492962194,143.0702118,129.03602172110573,Unhealthy for Sensitive Groups,Unhealthy for Sensitive Groups
0.45,6.494117080924968,1.136363636,1.8830516084822762,9.259259259,10.109517918138158,8.0,8.505068310469731,9.259259259,10.202097022462034,Good,Good
198.5127007,133.35869915618628,163.2710713,177.06737524994185,165.8201708,175.93047722066765,151.5523696,176.078774114886,153.9655003,189.9632506050004,Unhealthy,Unhealthy
121.730839,109.60005918971248,136.5945016,124.6252296947711,119.9028318,126.02011444489091,133.0642914,126.5394492962194,133.5103196,117.35564237240617,Unhealthy for Sensitive Groups,Unhealthy for Sensitive Groups
88.77115946,68.05878671043105,83.20676991,75.73576458534743,63.72705945,73.1571494864499,61.79111867,77.6192475995574,93.84827503,72.04881695722639,Moderate,Moderate
69.0429247,68.43347124848101,96.37294343,77.96399245928124,69.78198226,75.06966520180552,99.36143436,76.23493566355087,56.42924598,67.77839583608531,Moderate,Moderate
140.0626249,111.32235128277622,114.8001868,120.07806072411434,112.2476903,126.29382675590573,115.5698853,126.5394492962194,142.0549142,125.07260393634287,Unhealthy for Sensitive Groups,Unhealthy for Sensitive Groups
172.3935038,176.76609570166514,168.2957907,176.95345991316483,183.7114425,175.93047722066765,185.8351579,173.04154072205358,172.9855033,186.84681019176801,Unhealthy,Unhealthy
0.4,5.922605053529318,1.022727273,1.8830516084822762,9.259259259,10.109517918138158,7.0,7.804754490401499,9.259259259,10.202097022462018,Good,Good
194.4077234,176.76609570166514,189.8924756,175.95991940870283,158.7426771,174.45750687635586,195.9223765,176.078774114886,160.0945651,180.07527333620004,Unhealthy,Unhealthy
153.0930447,180.4157441606138,167.2796383,175.1032527533703,170.4250203,175.93047722066765,185.7625276,176.078774114886,181.7311632,176.78213030916666,Unhealthy,Unhealthy
158.2859015,152.4815036577448,173.950365,176.74498336371667,160.1801354,175.93047722066765,166.5002359,176.078774114886,168.8722981,165.42840309651947,Unhealthy,Unhealthy
179.6213532,149.6789161503354,187.2879016,176.95345991316483,162.3766109,175.39341114449837,161.9052035,176.078774114886,153.4588535,178.5076293453978,Unhealthy,Unhealthy
60.63662232,72.04525446440438,97.253125,76.20811148162701,60.34373582,75.06966520180552,52.33488072,73.14088348337425,66.63228235,85.42181305065272,Moderate,Moderate
108.2699113,121.22416966735793,135.184873,125.48024255749354,127.0923305,126.29382675590573,125.706777,126.5394492962194,128.2671768,127.72191803926512,Unhealthy for Sensitive Groups,Unhealthy for Sensitive Groups
90.66061564,71.39382887201673,78.84204085,76.20811148162701,80.92824884,77.59023377151793,98.00085505,77.3147899427043,62.005425,83.41434333658862,Moderate,Moderate
234.7518027,249.30775431092857,267.5632327,248.29886533632407,209.7340646,240.7202890979289,281.6214233,229.3001392406812,273.9754042,229.94790997571988,Very Unhealthy,Very Unhealthy
0.4,5.922605053529318,1.136363636,1.8830516084822762,9.259259259,10.109517918138158,7.0,7.804754490401499,9.259259259,10.202097022462011,Good,Good
159.5754296,152.4815036577448,187.376029,178.20624120660852,166.1566216,174.45750687635586,199.8034049,176.078774114886,180.6891297,180.83258029273202,Unhealthy,Unhealthy
140.008389,106.9611152974645,138.7312324,127.30411816189913,141.989486,126.29382675590573,103.8886478,131.43121085871786,102.813138,123.63227277077891,Unhealthy for Sensitive Groups,Unhealthy for Sensitive Groups
371.9903152,423.04083006331865,455.3482132,406.3922273413558,433.9129928,395.13524893966974,449.0595629,347.2223799701813,312.6827513,362.31734308893334,Hazardous,Hazardous
402.2577859,398.1243659742445,457.5802885,406.3634463040936,443.7049402,396.0127966024619,445.5575855,405.8284744572348,412.3118686,382.40662446083036,Hazardous,Hazardous
0.45,6.494117080924968,1.022727273,1.8830516084822762,9.259259259,10.109517918138158,7.0,7.804754490401499,9.259259259,10.20209702246205,Good,Good
256.1621389,249.88037575644364,223.2323104,252.62136532994438,297.171624,251.45614249453467,249.2893402,252.1167272156471,246.3566009,235.01959325634027,Very Unhealthy,Very Unhealthy
351.5197505,414.9646803256172,301.6653819,421.4907459797387,384.8048912,409.83880785173284,449.8862538,395.02917828600505,310.8760292,422.2156764226961,Hazardous,Hazardous
0.45,6.494117080924968,1.136363636,1.8830516084822762,9.259259259,10.109517918138158,8.0,8.505068310469731,9.259259259,10.202097022462034,Good,Good
211.5293695,247.2424546813627,215.2729058,251.62453485794856,281.7956735,242.1225642400496,291.009972,252.1167272156471,202.6362906,244.9444250884176,Very Unhealthy,Very Unhealthy
122.2754248,111.32235128277622,110.3345484,127.30411816189913,148.8647882,126.02011444489091,110.2052268,128.58324607522604,138.9797646,114.99615782071872,Unhealthy for Sensitive Groups,Unhealthy for Sensitive Groups
221.0301131,249.88037575644364,251.8715527,252.62136532994438,251.352874,243.2522070325496,211.9377684,245.22472223901826,261.5612759,276.94898675584733,Very Unhealthy,Very Unhealthy
0.35,7.55480240139975,0.909090909,1.8830516084822762,9.259259259,10.109517918138158,6.0,7.57646603484,9.259259259,10.202097022462004,Good,Good
221.8074595,247.2424546813627,251.0360926,249.2968700586165,247.9151437,248.36277322898022,291.7751219,250.18994555255694,288.6408603,243.0801720275002,Very Unhealthy,Very Unhealthy
410.5471627,403.23308325091256,415.7750384,416.2020416734098,316.914288,409.83880785173284,370.0190624,402.796348418664,370.4050357,407.61142092351594,Hazardous,Hazardous
158.7963411,172.29510383484669,185.4867937,175.95991940870283,164.4129851,165.911575745907,162.2593621,176.078774114886,183.0386121,168.71044602546837,Unhealthy,Unhealthy
0.45,6.494117080924968,0.909090909,1.8830516084822762,9.259259259,10.109517918138158,6.0,7.57646603484,9.259259259,10.20209702246204,Good,Good
402.2791012,444.14280167485447,490.003055,390.6360295052511,416.9052756,395.091475674136,467.8376064,402.96966756415475,360.4478729,406.7142932612885,Hazardous,Hazardous
309.4387997,400.28086114557397,487.2717979,397.6702660848359,333.0911611,403.2743760078515,439.4462789,378.0373187658269,328.3320557,403.0573746135236,Hazardous,Hazardous
104.5320569,121.22416966735793,141.4595905,125.48024255749354,129.6092696,126.29382675590573,107.2022575,126.21929381266051,123.465419,116.03705702586687,Unhealthy for Sensitive Groups,Unhealthy for Sensitive Groups
126.89245,121.22416966735793,138.3699805,126.70052602328171,144.5913661,130.41339080361155,126.2787781,126.21929381266051,105.2626416,122.72972574488394,Unhealthy for Sensitive Groups,Unhealthy for Sensitive Groups
285.1001389,249.30775431092857,243.214843,249.68655036490551,265.2501435,251.45614249453467,258.4188682,251.37805133705518,244.6909985,237.82147602943346,Very Unhealthy,Very Unhealthy
146.9575863,109.36965571592621,129.4688594,125.48024255749354,125.2172901,125.9533673132624,109.9276083,126.5394492962194,140.6591602,123.25205740960683,Unhealthy for Sensitive Groups,Unhealthy for Sensitive Groups
65.59696105,70.24973415399982,85.41310984,76.20811148162701,89.87685937,74.95818403208378,80.26368283,77.3147899427043,83.41804187,78.45106785926204,Moderate,Moderate
0.45,6.494117080924968,1.022727273,1.8830516084822762,9.259259259,10.109517918138158,7.0,7.804754490401499,9.259259259,10.20209702246205,Good,Good
361.0622999,406.96664779492164,313.3243828,404.769929429651,302.9210459,359.65001082737774,334.7473833,419.4152524482949,400.7753681,399.92654112344525,Hazardous,Hazardous
51.01565389,70.18816812751665,54.34230764,75.82931393813233,81.68349225,75.06966520180552,58.04031532,73.14088348337425,99.73621174,76.22896314172918,Moderate,Moderate
133.6963188,121.22416966735793,101.6501503,125.48024255749354,122.167428,126.29382675590573,106.3192226,126.5394492962194,149.2498029,125.56780623325055,Unhealthy for Sensitive Groups,Unhealthy for Sensitive Groups
151.1966073,172.29510383484669,180.9071408,176.32406234276792,173.4847421,175.93047722066765,190.050652,176.078774114886,177.5402769,173.91316148503117,Unhealthy,Unhealthy
433.1810722,400.28086114557397,323.8453401,399.23921186984586,338.2118564,395.3225104615225,497.9530345,377.60554278592656,482.0289203,370.2929996430691,Hazardous,Hazardous
66.34322503,70.18816812751665,69.22963911,77.47042907207243,80.73894726,73.18707057603413,69.56915793,72.85584572318787,77.14369933,75.05040018767826,Moderate,Moderate
0.4,5.922605053529318,0.795454545,1.8830516084822762,9.259259259,10.109517918138158,5.0,7.57646603484,9.259259259,10.202097022462015,Good,Good
0.45,6.494117080924968,1.136363636,1.8830516084822762,9.259259259,10.109517918138158,7.0,7.804754490401499,9.259259259,10.20209702246205,Good,Good
350.1464551,406.96664779492164,450.0185941,401.84257327541957,425.7117723,423.5229409598479,462.5998317,402.796348418664,398.5437953,405.59628761152186,Hazardous,Hazardous
0.35,7.55480240139975,1.022727273,1.8830516084822762,9.259259259,10.109517918138158,7.0,7.804754490401499,9.259259259,10.202097022461992,Good,Good
78.85645954,70.24973415399982,55.78231242,76.20811148162701,72.56763698,72.95656184030783,95.17856752,106.45075029777614,94.7061034,97.06948687602592,Moderate,Moderate
192.4429737,154.8300930904706,177.4518233,176.95345991316483,187.9646214,175.93047722066765,195.0436455,176.078774114886,156.9541125,179.46959045981873,Unhealthy,Unhealthy
72.23988212,70.18816812751665,53.17014589,78.30234017235931,52.52714183,75.06966520180552,99.43592526,77.3147899427043,63.16757231,79.70580961401325,Moderate,Moderate
357.260997,416.42782779222154,433.878879,457.37671545109686,432.5871054,430.4422936164114,408.2794968,409.4418258682866,453.2391042,361.69727499320595,Hazardous,Hazardous
192.0132426,176.76609570166514,192.9244055,176.32406234276792,167.4936782,174.44307610770008,165.8268785,176.078774114886,157.5449967,180.85707140360762,Unhealthy,Unhealthy
186.4029883,176.76609570166514,186.6977641,175.1032527533703,190.6179061,172.63990696788758,175.2423834,176.078774114886,166.8335628,171.64450472243848,Unhealthy,Unhealthy
275.4127446,247.2424546813627,235.731982,249.2968700586165,280.609141,247.49167998597437,287.7002452,252.2590486271552,217.8766235,257.3506622634456,Very Unhealthy,Very Unhealthy
0.5,55.33736691196881,1.25,1.8830516084822762,9.259259259,10.109517918138158,8.0,8.505068310469731,9.259259259,10.202097022462048,Good,Good
1.25,150.08298626465472,1.818181818,2.0040894114362695,9.259259259,10.109517918138158,12.0,12.397335819057725,12.0,12.866609982644341,Good,Good
114.4488922,121.22416966735793,105.2099878,125.48024255749354,117.5098532,126.29382675590573,131.4505811,126.5394492962194,112.4480305,120.56755051260632,Unhealthy for Sensitive Groups,Unhealthy for Sensitive Groups
109.4569662,106.9611152974645,142.8710583,127.30411816189913,111.999616,126.29382675590573,128.9103263,126.5394492962194,118.5801945,124.25120863045794,Unhealthy for Sensitive Groups,Unhealthy for Sensitive Groups
335.0447216,390.1171144243321,331.0809935,401.6466210056248,403.8736683,358.4131599860412,479.8517489,371.11003679044023,403.7776414,425.7550005414267,Hazardous,Hazardous
102.5441446,112.37482460604055,140.1863763,128.12631512674565,111.6146838,126.29382675590573,135.6250308,126.21929381266051,130.6625077,110.10566438163785,Unhealthy for Sensitive Groups,Unhealthy for Sensitive Groups
126.7030048,121.22416966735793,119.1599676,127.77483176829345,105.0691531,126.29382675590573,140.5985847,126.21929381266051,125.836103,134.9126909423579,Unhealthy for Sensitive Groups,Unhealthy for Sensitive Groups
163.5440961,154.8300930904706,183.3588048,175.95991940870283,189.1500787,175.93047722066765,154.306074,176.078774114886,197.7923995,175.33017897550923,Unhealthy,Unhealthy
185.0154197,172.29510383484669,166.2779537,178.20624120660852,166.4324781,175.93047722066765,197.5287792,176.078774114886,183.4284147,178.24969604784832,Unhealthy,Unhealthy
252.1162794,243.90202753810505,249.6049666,249.2968700586165,258.633856,239.58493026308886,289.5682905,255.4441075823257,233.7000732,261.9842274871717,Very Unhealthy,Very Unhealthy
69.44607906,71.23588141462848,57.79858244,76.20811148162701,74.67819218,75.06966520180552,64.41614303,77.80532324995549,97.98960033,78.32377939882966,Moderate,Moderate
438.439628,406.6958264235587,480.8525766,354.13210487019654,340.6638436,409.83880785173284,312.9501575,381.65955490837166,344.9342241,392.7305395991962,Hazardous,Hazardous
344.1374138,414.9646803256172,405.0943417,419.78500823825453,386.2431067,413.2237725967762,436.8966365,378.0373187658269,350.2486169,415.55094217307146,Hazardous,Hazardous
347.3654688,406.96664779492164,342.4199342,386.065044185562,308.0650187,400.40492921913597,370.735931,423.2400993441082,378.833065,396.8123367584994,Hazardous,Hazardous
406.9435964,426.29824495889363,406.483065,360.10030281167644,417.3307837,394.0494530314991,456.3560696,417.4864227914614,302.2755162,335.6081440926242,Hazardous,Hazardous
251.207543,249.76475423146155,233.1521201,246.45292508491596,279.5711333,242.1225642400496,261.9682746,245.4601082435632,210.2109261,233.90614338123825,Very Unhealthy,Very Unhealthy
0.4,5.922605053529318,1.022727273,1.8830516084822762,9.259259259,10.109517918138158,7.0,7.804754490401499,9.259259259,10.202097022462018,Good,Good
99.50278479,60.82320041901407,85.60261003,76.20811148162701,52.89894326,73.18707057603413,61.71793485,77.3147899427043,64.30544557,74.77992139863636,Moderate,Moderate
76.01876981,68.43347124848101,57.85412438,76.20811148162701,76.02988997,75.81273323805169,59.72411352,77.80532324995549,70.17260292,82.2888077387335,Moderate,Moderate
53.83518952,68.05878671043105,64.28604829,76.20811148162701,95.53499778,75.06966520180552,88.53813188,77.80532324995549,62.98598199,77.67124007767359,Moderate,Moderate
305.6420694,407.8958276252584,480.7798299,393.4823900230127,398.9285404,405.4487311037829,468.5904552,390.9283503527346,448.5381551,381.19782408697006,Hazardous,Hazardous
447.2986601,394.08553451049664,482.4179526,419.2194971057311,440.1452205,396.0127966024619,387.8012705,348.2777777845051,475.9741949,465.5986076472596,Hazardous,Hazardous
329.6232401,405.92005746993726,403.7513973,398.1834005911287,427.4653393,413.2237725967762,397.5488384,369.678765672351,350.274622,451.88390562660084,Hazardous,Hazardous
218.3997077,249.88037575644364,202.9010379,249.2968700586165,296.8840795,240.7202890979289,269.9001708,252.2590486271552,231.6033229,246.6525691647429,Very Unhealthy,Very Unhealthy
263.0975062,247.2424546813627,209.5633455,248.29886533632407,210.2556375,247.0632162672896,275.7192809,245.22472223901826,257.3030922,259.4515790760099,Very Unhealthy,Very Unhealthy
0.45,6.494117080924968,0.909090909,1.8830516084822762,9.259259259,10.109517918138158,6.0,7.57646603484,9.259259259,10.20209702246204,Good,Good
299.3489832,253.85158157123809,288.7514118,251.62453485794856,230.6859587,240.66935896354917,285.0663634,248.39488705899234,278.4943126,276.4170726832273,Very Unhealthy,Very Unhealthy
222.0443862,249.88037575644364,236.1994238,249.0947676955956,229.9367076,239.7064241212113,219.2520026,252.1167272156471,222.9428837,261.04698495965397,Very Unhealthy,Very Unhealthy
284.6648303,247.2424546813627,212.3765173,249.2968700586165,225.5405613,242.1225642400496,296.6080359,252.20565006796863,211.0721782,273.9424763801415,Very Unhealthy,Very Unhealthy
257.0020002,250.20034726166975,231.2362838,248.29886533632407,254.4578355,254.05904336866814,270.8695007,252.2590486271552,248.5579536,261.32229399678937,Very Unhealthy,Very Unhealthy
156.7372889,172.29510383484669,199.9823874,175.95991940870283,172.3748962,175.93047722066765,166.1132182,176.078774114886,197.2623593,175.07970695275208,Unhealthy,Unhealthy
0.4,5.922605053529318,0.909090909,1.8830516084822762,9.259259259,10.109517918138158,6.0,7.57646603484,9.259259259,10.202097022462015,Good,Good
434.2346364,419.63085400375076,493.6605223,397.6702660848359,470.2273803,418.5539429935079,454.6749108,409.52196124181825,367.1118051,360.44068961157114,Hazardous,Hazardous
269.1224281,249.88037575644364,213.4616805,248.29886533632407,210.247126,240.20552899127551,211.6389451,250.04612706899235,299.9934693,261.67168695355633,Very Unhealthy,Very Unhealthy
428.24919,406.96664779492164,340.8833202,351.4205570559227,408.3559551,421.1404875949322,368.1310791,395.02917828600505,350.6970498,373.50578950753686,Hazardous,Hazardous
104.4571363,121.22416966735793,137.0793752,124.6252296947711,124.9807323,126.29382675590573,109.9764156,127.52248397148591,143.6146111,127.53612234906156,Unhealthy for Sensitive Groups,Unhealthy for Sensitive Groups
79.07729365,70.18816812751665,92.80805328,76.20811148162701,91.54826738,75.06966520180552,63.79939711,77.3147899427043,57.25407172,85.23137187537543,Moderate,Moderate
0.35,7.55480240139975,1.022727273,1.8830516084822762,9.259259259,10.109517918138158,7.0,7.804754490401499,9.259259259,10.202097022461992,Good,Good
136.2752722,121.22416966735793,116.2305023,126.70052602328171,116.2561175,130.41339080361155,122.4165318,126.21929381266051,136.1911355,127.4874315380545,Unhealthy for Sensitive Groups,Unhealthy for Sensitive Groups
0.4,5.922605053529318,1.022727273,1.8830516084822762,9.259259259,10.109517918138158,7.0,7.804754490401499,9.259259259,10.202097022462018,Good,Good
118.0766796,109.36965571592621,115.1400258,124.6252296947711,118.938838,125.9533673132624,106.2973627,126.5394492962194,124.530235,133.50788882031662,Unhealthy for Sensitive Groups,Unhealthy for Sensitive Groups
0.35,7.55480240139975,1.022727273,1.8830516084822762,9.259259259,10.109517918138158,7.0,7.804754490401499,9.259259259,10.202097022461992,Good,Good
82.61082349,70.24973415399982,92.36103899,76.20811148162701,72.49115265,77.59023377151793,58.09860823,73.14088348337425,91.0894035,71.6471438715528,Moderate,Moderate
228.5289932,249.88037575644364,230.1123701,250.56188156055788,271.570332,246.2896707639112,225.4283734,252.1167272156471,236.969051,235.82653649840202,Very Unhealthy,Very Unhealthy
52.33451246,60.82320041901407,74.70824611,76.20811148162701,99.72679536,73.18707057603413,80.04764642,78.35164113739451,97.19031438,71.53784656317205,Moderate,Moderate
73.91696141,60.82320041901407,58.79129632,77.47042907207243,70.18653373,75.06966520180552,70.90947978,106.45075029777614,69.18153425,98.10761458608492,Moderate,Moderate
1.45,77.70546978713155,2.045454545,2.5019901186410016,9.259259259,10.109517918138158,14.0,13.651032670604113,14.0,14.447621796076623,Good,Good
0.7,89.35971572746591,1.25,1.8830516084822762,9.259259259,10.109517918138158,9.0,9.45460582809781,9.259259259,10.202097022462048,Good,Good
496.4920802,410.12302700565317,478.8127174,416.2020416734098,385.884899,359.2948195886029,366.0524847,454.0369893157902,356.0320718,420.46973596710353,Hazardous,Hazardous
301.5467953,405.92005746993726,412.8859652,410.3241763501054,478.6536285,395.76056032152167,363.1311547,452.78735702243466,363.6529122,381.6944327911492,Hazardous,Hazardous
220.8545916,247.2424546813627,299.9936115,250.56188156055788,246.2066074,239.7064241212113,266.9156515,252.20565006796863,280.437774,243.1777115275638,Very Unhealthy,Very Unhealthy
131.1453803,121.22416966735793,118.0192467,120.07806072411434,140.4891001,126.29382675590573,121.014686,127.7977171307791,130.1082037,125.36807556412849,Unhealthy for Sensitive Groups,Unhealthy for Sensitive Groups
68.2121702,60.82320041901407,99.39635927,76.30032608481528,65.92971467,75.06966520180552,96.1414595,77.3147899427043,82.56502255,70.2245926080398,Moderate,Moderate
84.8175622,70.24973415399982,94.53030528,75.82931393813233,89.7627599,75.06966520180552,86.97180951,77.80532324995549,56.58632688,71.14505322759256,Moderate,Moderate
418.0191728,399.93372631277407,481.93629,401.9674534451352,462.4628997,409.6874085989431,366.6280812,449.8393007583575,310.9297403,367.36218832313955,Hazardous,Hazardous
134.1653217,112.37482460604055,114.8896137,125.48024255749354,102.7574056,130.41339080361155,124.0070323,126.5394492962194,144.8672008,123.40979828869833,Unhealthy for Sensitive Groups,Unhealthy for Sensitive Groups
218.3147086,228.92842805510983,202.3829326,246.38108031203478,214.690822,254.05904336866814,224.4197259,250.18994555255694,264.9990424,244.51840821195051,Very Unhealthy,Very Unhealthy
170.9490519,149.6789161503354,194.3609695,176.32406234276792,180.7843563,175.93047722066765,184.8109913,175.3154925971713,158.0995064,180.98281044484824,Unhealthy,Unhealthy
174.3011121,172.29510383484669,192.1348445,178.2219584616932,170.5213484,177.79486819518524,153.0480593,176.078774114886,175.7263619,167.14336374890792,Unhealthy,Unhealthy
0.6,58.02033469293693,1.25,1.8830516084822762,9.259259259,10.109517918138158,8.0,8.505068310469731,9.259259259,10.202097022462048,Good,Good
361.2959085,404.101854763039,355.6279611,401.6466210056248,448.2362303,409.83880785173284,425.3759017,405.0714285654588,418.1364005,419.05622594376183,Hazardous,Hazardous
438.6230387,410.062867136888,465.9774923,360.1040623498966,401.2610244,395.3225104615225,388.7008934,405.0714285654588,423.4247232,397.051954279235,Hazardous,Hazardous
144.7143507,109.36965571592621,119.3486825,125.48024255749354,127.740939,126.29382675590573,128.6849187,126.5394492962194,130.878573,128.31183511414784,Unhealthy for Sensitive Groups,Unhealthy for Sensitive Groups
229.7098545,247.2424546813627,245.9212606,249.2968700586165,210.6880309,251.97615665281234,272.1759227,252.1167272156471,250.8376928,258.28633740222654,Very Unhealthy,Very Unhealthy
456.0068222,423.04083006331865,491.45135,387.7751452459619,348.4762862,341.53018724082665,374.0866402,354.99702089652936,446.5999668,360.0722661934282,Hazardous,Hazardous
0.45,6.494117080924968,1.136363636,1.8830516084822762,9.259259259,10.109517918138158,8.0,8.505068310469731,9.259259259,10.202097022462034,Good,Good
202.8619407,247.2424546813627,206.1244849,245.02100029398682,241.6360535,243.2967979786598,250.1570165,251.84331429584049,221.241105,260.1410210254669,Very Unhealthy,Very Unhealthy
262.3310638,249.88037575644364,233.6342624,246.38108031203478,223.1240039,248.48229727616163,228.3148355,252.20565006796863,221.2841494,238.3427280011732,Very Unhealthy,Very Unhealthy
82.06189727,60.82320041901407,76.0652471,76.20811148162701,82.74080656,73.18707057603413,62.85199577,70.47378532760527,93.19251266,78.30645876380898,Moderate,Moderate
0.3,70.24973415399982,0.795454545,1.8830516084822762,9.259259259,10.109517918138158,5.0,7.57646603484,9.259259259,9.832088864193674,Good,Good
1.45,77.70546978713155,2.045454545,2.5019901186410016,9.259259259,10.109517918138158,14.0,13.651032670604113,14.0,14.447621796076623,Good,Good
95.06619512,71.79839876109452,63.47653118,76.20811148162701,91.68938805,75.06966520180552,70.6948171,77.3147899427043,65.56047101,78.13163685245324,Moderate,Moderate
185.6557242,154.8300930904706,184.5730208,176.95345991316483,194.3143845,178.61278928197098,188.6716033,176.078774114886,158.4452538,183.71327756202052,Unhealthy,Unhealthy
69.23392779,60.82320041901407,69.91919878,75.73576458534743,69.97738233,74.95818403208378,72.7048266,74.61920917697628,84.47589714,82.16706588929831,Moderate,Moderate
201.8372859,249.88037575644364,216.4859569,243.21297180815665,282.7521223,254.96965142882874,234.8957487,252.1167272156471,204.0511824,230.17628824009364,Very Unhealthy,Very Unhealthy
213.1139642,267.32167690869863,219.4987345,248.29886533632407,278.4975893,246.4533678271691,255.9110999,251.84331429584049,297.3972042,226.26865902839904,Very Unhealthy,Very Unhealthy
79.10902464,72.04525446440438,63.28582325,76.20811148162701,76.19744723,74.55567793230169,62.46423761,78.35164113739451,54.20664176,82.92453536950501,Moderate,Moderate
0.5,55.33736691196881,1.25,1.8830516084822762,9.259259259,10.109517918138158,8.0,8.505068310469731,9.259259259,10.202097022462048,Good,Good
119.3496377,111.32235128277622,128.5536451,126.70052602328171,146.1833662,126.29382675590573,125.425272,126.5394492962194,103.7858879,114.24721355238927,Unhealthy for Sensitive Groups,Unhealthy for Sensitive Groups
56.86650681,70.24973415399982,89.48298217,78.30234017235931,93.66526828,75.06966520180552,69.10061607,79.04820552436838,69.55043807,80.44070847421604,Moderate,Moderate
174.1971864,172.29510383484669,152.1327458,176.5048671318835,170.8761026,175.93047722066765,198.6740733,175.23306104473716,194.8603398,185.75774796213216,Unhealthy,Unhealthy
176.2487233,170.33384655914452,168.7798595,176.95345991316483,171.7777937,174.44307610770008,161.5838806,176.078774114886,169.5581576,177.8732380384889,Unhealthy,Unhealthy
0.4,5.922605053529318,0.909090909,1.8830516084822762,9.259259259,10.109517918138158,6.0,7.57646603484,9.259259259,10.202097022462015,Good,Good
481.213244,397.3288350518083,403.768559,397.6702660848359,366.5106245,394.6438636271845,389.7538741,417.4864227914614,364.8277723,317.2083287530948,Hazardous,Hazardous
411.564685,405.92005746993726,364.3210234,363.5225686163966,486.9433991,396.0127966024619,385.2825467,386.23151569013356,324.4006616,405.94607944941595,Hazardous,Hazardous
463.5546585,392.97760385277405,477.8564285,387.0505302685439,380.5291007,399.88040310276944,458.0144801,400.7161834210242,389.060138,387.9751170110129,Hazardous,Hazardous
135.2899661,121.22416966735793,126.0683699,127.30411816189913,126.9147272,126.29382675590573,123.0548446,126.5394492962194,121.9352144,130.23440722869415,Unhealthy for Sensitive Groups,Unhealthy for Sensitive Groups
248.646271,249.88037575644364,255.093271,244.8417250871961,262.5130972,254.96965142882874,220.3416104,252.1167272156471,232.4264424,237.39506083838234,Very Unhealthy,Very Unhealthy
96.15393307,60.82320041901407,74.29823945,75.82931393813233,55.360111,75.06966520180552,66.8069231,77.6192475995574,69.42732194,67.47112731936971,Moderate,Moderate
106.5302983,121.22416966735793,117.6756036,124.6252296947711,118.222963,126.29382675590573,145.6699262,126.5394492962194,105.4348571,132.41100322793523,Unhealthy for Sensitive Groups,Unhealthy for Sensitive Groups
0.35,7.55480240139975,1.022727273,1.8830516084822762,9.259259259,10.109517918138158,7.0,7.804754490401499,9.259259259,10.202097022461992,Good,Good
379.4322197,405.92005746993726,457.5117618,428.67231415693794,390.7318558,400.40492921913597,367.9205177,405.0714285654588,469.9651049,407.50536160824146,Hazardous,Hazardous
430.9949459,404.101854763039,378.1401088,403.66799335807195,342.741656,415.4732711435467,335.2968991,405.8284744572348,385.4102127,416.7330589150476,Hazardous,Hazardous
70.64942962,60.82320041901407,54.41459284,76.30032608481528,84.23392009,75.06966520180552,52.26700942,77.80532324995549,73.79841617,70.21141611819169,Moderate,Moderate
203.2059778,247.2424546813627,264.872209,247.68621415719574,226.9817669,251.45614249453467,220.9624514,245.22472223901826,270.6341,247.48184973884895,Very Unhealthy,Very Unhealthy
93.01546007,70.24973415399982,56.57834169,76.20811148162701,99.15726268,75.06966520180552,97.653216,77.80532324995549,83.39132141,68.53603859771886,Moderate,Moderate
151.3325858,149.955772466611,191.0003859,162.17393144380907,181.5058511,176.45189966018526,164.7650417,176.078774114886,153.2025668,179.76754354603938,Unhealthy,Unhealthy
162.8842388,176.76609570166514,158.8891227,178.20624120660852,190.8261296,181.2102407832154,182.0687304,176.078774114886,171.4441669,183.78089328279904,Unhealthy,Unhealthy
323.351508,418.15521941317894,317.8925578,398.1834005911287,362.3661714,417.729123855556,381.1577208,347.99389429302096,317.9930522,423.60702845635245,Hazardous,Hazardous
410.3073309,381.78074996733477,324.2334679,386.065044185562,324.8500307,413.93960813118485,329.6124092,413.12018386513006,386.4211088,385.2674104079205,Hazardous,Hazardous
187.9596594,149.6789161503354,192.2068084,175.95991940870283,159.0706564,181.2102407832154,188.569984,176.078774114886,172.8704018,178.12025467294856,Unhealthy,Unhealthy
86.13025266,6.494117080924968,72.92175972,76.20811148162701,63.6320608,74.55567793230169,61.37665608,77.80532324995549,85.4862289,84.12464824244098,Moderate,Moderate
71.36767501,70.24973415399982,83.11570703,76.20811148162701,83.08681674,73.18707057603413,51.04565375,77.3147899427043,55.84773939,69.36443122911405,Moderate,Moderate
0.5,55.33736691196881,1.25,1.8830516084822762,9.259259259,10.109517918138158,8.0,8.505068310469731,9.259259259,10.202097022462048,Good,Good
153.0406972,154.8300930904706,171.5036893,176.5048671318835,160.3703486,172.63990696788758,192.3852182,176.078774114886,179.6261072,184.9502388053842,Unhealthy,Unhealthy
1.35,141.97834805537474,1.931818182,2.356847486094432,9.259259259,10.109517918138158,13.0,13.466882225686645,13.0,13.846174664230741,Good,Good
0.45,6.494117080924968,0.909090909,1.8830516084822762,9.259259259,10.109517918138158,6.0,7.57646603484,9.259259259,10.20209702246204,Good,Good
68.2103601,68.05878671043105,70.19874641,76.20811148162701,95.5624241,75.06966520180552,81.07063089,71.04133513290468,62.61106352,71.21824346743382,Moderate,Moderate
489.5450992,406.96664779492164,389.9646823,401.84257327541957,407.7989742,413.93960813118485,304.2060205,383.1031856558236,404.6823615,393.10446339550737,Hazardous,Hazardous
89.29476363,70.24973415399982,97.97128537,76.20811148162701,72.36159504,74.95818403208378,62.91718022,78.35164113739451,75.81512991,77.54861589406143,Moderate,Moderate
364.6600069,394.67842284578023,410.2993761,406.3634463040936,471.766086,400.40492921913597,452.8907983,399.35694706288314,303.8063817,455.5772676388785,Hazardous,Hazardous
385.4442401,403.9493445137781,401.3648166,428.3986207593168,427.3271001,408.3799250918057,355.5393595,386.23151569013356,340.5458191,414.7724372312753,Hazardous,Hazardous
292.5725256,247.2424546813627,232.7902463,249.2968700586165,261.6244237,244.32500601849313,225.4499542,251.84331429584049,274.6937298,262.62171229901156,Very Unhealthy,Very Unhealthy
75.31975694,69.50668645740635,54.69124149,75.73576458534743,98.7588085,75.06966520180552,65.62488377,77.80532324995549,82.73494986,76.92740861579809,Moderate,Moderate
132.7620273,121.22416966735793,140.0384496,117.72586227711435,112.3743304,126.29382675590573,127.5947797,126.88178092261694,118.3426715,140.28389890933607,Unhealthy for Sensitive Groups,Unhealthy for Sensitive Groups
113.3722006,121.22416966735793,128.3355079,125.48024255749354,140.7916616,126.02011444489091,140.3454206,126.21929381266051,108.014537,132.4067433003683,Unhealthy for Sensitive Groups,Unhealthy for Sensitive Groups
213.288693,247.2424546813627,245.9041594,249.0153716289621,249.420831,239.7064241212113,260.806804,250.04612706899235,245.5706365,256.07507387127146,Very Unhealthy,Very Unhealthy
99.13679156,60.82320041901407,60.77406317,75.0441028324184,91.46412498,75.06966520180552,83.49569865,78.35164113739451,88.91001298,85.38096068009841,Moderate,Moderate
86.99550352,68.13321157313035,68.74593299,76.20811148162701,93.92689391,74.95818403208378,58.72496248,71.04133513290468,99.49566537,67.71729319020373,Moderate,Moderate
76.52509557,70.24973415399982,86.64156312,75.73576458534743,90.56971911,75.06966520180552,67.26248208,77.80532324995549,54.03163106,68.80024456230224,Moderate,Moderate
64.76686305,68.43347124848101,73.282583,76.20811148162701,52.10745546,75.06966520180552,92.79879103,77.80532324995549,55.56478411,74.76568558365568,Moderate,Moderate
77.67356276,60.82320041901407,73.42572601,76.20811148162701,90.22578216,75.06966520180552,67.20110253,77.80532324995549,60.56765845,79.3780187179046,Moderate,Moderate
313.0221787,412.5704988216518,401.7234234,406.30491387020953,394.6257793,440.5442669909383,442.7479745,371.654517139577,370.5023152,420.65075240773484,Hazardous,Hazardous
133.0277238,111.32235128277622,101.0416031,127.30411816189913,105.2629493,127.8135693513727,146.533456,126.21929381266051,139.9606389,116.3385060959589,Unhealthy for Sensitive Groups,Unhealthy for Sensitive Groups
1.1,146.27650194446494,1.704545455,2.0040894114362695,9.259259259,10.109517918138158,11.0,11.469386723857616,11.0,11.894422821588723,Good,Good
417.6555351,405.92005746993726,407.610796,428.3986207593168,477.9992437,395.3225104615225,340.4189166,365.4409785429901,496.5469651,398.298567734041,Hazardous,Hazardous
106.9878516,121.22416966735793,126.8595788,125.48024255749354,117.7070903,126.29382675590573,141.588205,126.5394492962194,120.3727158,134.02138654042975,Unhealthy for Sensitive Groups,Unhealthy for Sensitive Groups
272.0451693,249.88037575644364,219.862123,246.38108031203478,276.6560146,239.7064241212113,205.0895765,252.1167272156471,235.1671348,248.9850054048845,Very Unhealthy,Very Unhealthy
97.35208054,70.24973415399982,70.22620843,76.20811148162701,77.51906053,75.06966520180552,87.01861999,77.3147899427043,86.83508843,74.02504426067922,Moderate,Moderate
0.45,6.494117080924968,0.909090909,1.8830516084822762,9.259259259,10.109517918138158,6.0,7.57646603484,9.259259259,10.20209702246204,Good,Good
145.2732456,121.22416966735793,139.4044314,124.6252296947711,121.2975698,125.9533673132624,136.294321,128.58324607522604,129.9114061,126.42080971363573,Unhealthy for Sensitive Groups,Unhealthy for Sensitive Groups
128.2266242,109.60005918971248,107.9129467,117.72586227711435,126.4565398,126.29382675590573,134.3349988,126.5394492962194,142.6051118,122.23410646362599,Unhealthy for Sensitive Groups,Unhealthy for Sensitive Groups
462.7953408,393.42690214062105,462.5948654,406.3634463040936,439.2503043,399.88040310276944,346.7106091,402.96966756415475,355.1453927,409.3296122012186,Hazardous,Hazardous
76.94337419,60.82320041901407,75.33763643,77.47042907207243,87.03665127,75.06966520180552,85.43090042,79.04820552436838,95.42278399,74.29157679126818,Moderate,Moderate
266.8297488,249.30775431092857,260.0130497,269.5117590108071,223.374023,247.0632162672896,233.9706424,252.20565006796863,286.1464673,231.3278202142607,Very Unhealthy,Very Unhealthy
420.7637806,388.5616984067326,313.2581378,397.6702660848359,419.5994322,409.6874085989431,373.7144831,365.5713542397627,387.9164368,408.81300485108807,Hazardous,Hazardous
164.2027899,141.97834805537474,195.7138656,173.2495410024071,161.3711845,174.44307610770008,185.443917,176.078774114886,198.3124132,174.04157410239918,Unhealthy,Unhealthy
227.2339988,247.2424546813627,207.1821161,249.2968700586165,236.4602474,244.61303406155778,237.4612304,246.41298525789654,239.3684855,245.76260510761517,Very Unhealthy,Very Unhealthy
1.25,150.08298626465472,1.818181818,2.0040894114362695,9.259259259,10.109517918138158,12.0,12.397335819057725,12.0,12.866609982644341,Good,Good
107.3338263,121.22416966735793,139.4628309,124.6252296947711,109.6871762,130.41339080361155,122.231701,126.5394492962194,135.3420382,128.30228009110897,Unhealthy for Sensitive Groups,Unhealthy for Sensitive Groups
66.53508025,68.05878671043105,64.99177887,76.20811148162701,97.10217008,73.18707057603413,90.92800905,72.85584572318787,57.28332838,65.30199966681454,Moderate,Moderate
175.4237333,150.08298626465472,174.6351338,176.5048671318835,194.3510342,175.93047722066765,180.1393484,175.23306104473716,195.5289329,170.2668085446758,Unhealthy,Unhealthy
54.98172098,72.38088560169014,98.72876237,78.30234017235931,77.12024974,68.18494977821958,58.44072494,76.23493566355087,62.75033406,74.08641569130384,Moderate,Moderate
0.45,6.494117080924968,1.136363636,1.8830516084822762,9.259259259,10.109517918138158,7.0,7.804754490401499,9.259259259,10.20209702246205,Good,Good
375.8078253,381.78074996733477,413.3385985,413.5277285929684,384.6155336,361.4221977941741,483.0940197,387.6822028017346,370.3798349,360.23100461548034,Hazardous,Hazardous
61.40289661,68.05878671043105,57.24609325,76.20811148162701,99.98026032,77.38825800405169,90.39577246,79.35060909451394,53.25822262,69.5639278262147,Moderate,Moderate
154.0892552,176.76609570166514,194.9631556,173.33534523080712,160.5656643,176.45189966018526,167.599319,176.078774114886,171.703977,180.4359836528095,Unhealthy,Unhealthy
180.7452397,141.97834805537474,182.7211356,173.33534523080712,171.4457179,175.93047722066765,169.36007,173.49744043103797,151.640573,180.35287001124846,Unhealthy,Unhealthy
0.45,6.494117080924968,1.136363636,1.8830516084822762,9.259259259,10.109517918138158,8.0,8.505068310469731,9.259259259,10.202097022462034,Good,Good
158.4086168,170.33384655914452,163.4118434,176.95345991316483,177.1023754,175.93047722066765,170.4509451,176.078774114886,151.8035889,173.67116137442838,Unhealthy,Unhealthy
172.5006445,154.8300930904706,171.8845734,177.06737524994185,185.6008347,178.61278928197098,161.1121351,176.078774114886,184.8449469,184.85970447809348,Unhealthy,Unhealthy
0.4,5.922605053529318,0.909090909,1.8830516084822762,9.259259259,10.109517918138158,6.0,7.57646603484,9.259259259,10.202097022462015,Good,Good
134.721157,121.22416966735793,115.6869534,126.70052602328171,139.3125791,126.29382675590573,131.401025,126.21929381266051,105.1482013,126.2852666360476,Unhealthy for Sensitive Groups,Unhealthy for Sensitive Groups
1.0,121.22416966735793,1.590909091,2.0040894114362695,9.259259259,10.109517918138158,10.0,10.287156823011466,10.0,10.922235660533081,Good,Good
230.7360311,247.2424546813627,235.8316706,248.29886533632407,236.7700704,254.96965142882874,217.0228402,252.2590486271552,290.9017702,237.48239438503782,Very Unhealthy,Very Unhealthy
245.1232931,247.2424546813627,206.497368,246.38108031203478,265.7416966,248.48229727616163,269.9341206,250.95543080948184,227.6495715,242.35609379904747,Very Unhealthy,Very Unhealthy
106.8043501,106.9611152974645,136.6832017,126.70052602328171,116.0927434,126.29382675590573,103.3713336,130.84780537404453,121.7131488,131.21843209518065,Unhealthy for Sensitive Groups,Unhealthy for Sensitive Groups
0.45,6.494117080924968,0.909090909,1.8830516084822762,9.259259259,10.109517918138158,6.0,7.57646603484,9.259259259,10.20209702246204,Good,Good
241.0334378,247.2424546813627,297.0414769,252.62136532994438,224.5013791,244.61303406155778,228.2210519,252.1167272156471,246.5912622,226.60813234988865,Very Unhealthy,Very Unhealthy
0.4,5.922605053529318,0.909090909,1.8830516084822762,9.259259259,10.109517918138158,6.0,7.57646603484,9.259259259,10.202097022462015,Good,Good
